0;'(ooo                          '
0;'wooo                          '
0;'Vooo                          '
0;'Zooo                          '
0;'yooo                          '
1000;',  and said: ‘I will be the be'
1000;'nde to the bear and said: ‘I w'
1000;'2  THE THE THE THE THE THE THE'
1000;'lee to the bear and said: ‘I w'
1000;'”  one the forest to the bear '
2000;'?’ ‘What was she was the door '
2000;'Gritt the sat the first that t'
2000;'% e the strange that the first'
2000;', an the first that the first '
2000;'Sh the first that the first sa'
3000;'6.  The fox said: ‘I have not '
3000;'Ane the forest and said: ‘I ha'
3000;'90.  The fox said: ‘I have not'
3000;'UNE FOX AND THE SEVEN SNOTSKIN'
3000;'wantion and said: ‘I have not '
4000;'87 and she was so that the sec'
4000;'zeet to the second works and s'
4000;'Th the second works and said: '
4000;'pees and said: ‘I will go to t'
4000;' teded the second works and sa'
5000;'x ow the work was a little pri'
5000;'1.  The work was a little prin'
5000;'inlee to the work was a little'
5000;'Why there was a little princes'
5000;'4  and the work was a little p'
6000;'VEire to the sparrow was a str'
6000;') ve said, ‘I will not see it '
6000;'Queee the world was a strewn t'
6000;'utd the spindle of the world, '
6000;'6  the work was a strewn to th'
0;'S                             '
0;'s                             '
0;'6                             '
0;'1                             '
0;',                             '
100;'p                             '
100;'?                             '
100;'*                             '
100;'/                             '
100;'H                             '
200;'y                             '
200;'I                             '
200;'‘                             '
200;'F                             '
200;'%                             '
300;'Q                             '
300;'!                             '
300;',                             '
300;'L                             '
300;'”                             '
0;'3CCCCCCCCCCCCCCCCCCCCCCCCCCCCC'
0;'OCCCCCCCCCCCCCCCCCCCCCCCCCCCCC'
0;'0CCCCCCCCCCCCCCCCCCCCCCCCCCCCC'
0;'YCCCCCCCCCCCCCCCCCCCCCCCCCCCCC'
0;'HCCCCCCCCCCCCCCCCCCCCCCCCCCCCC'
100;'‘                             '
100;'I                             '
100;'Q                             '
100;'M                             '
100;'s                             '
200;'n  toe toe toe toe toe toe toe'
200;'“  toe toe toe toe toe toe toe'
200;'2  toe toe toe toe toe toe toe'
200;'L  the toe toe toe toe toe toe'
200;'3  toe toe toe toe toe toe toe'
300;'Wae the the the the the the th'
300;'je the the the the the the the'
300;'Wae the the the the the the th'
300;'qae the the the the the the th'
300;'g  the the the the the the the'
400;'(te the the the the the the th'
400;'9 e the the the the the the th'
400;'?  and the the the the the the'
400;'N e the the the the the the th'
400;'J e the the the the the the th'
500;'pe the the the the the the the'
500;'ine the the the the the the th'
500;'X e the the the the the the th'
500;'X e the the the the the the th'
500;'# e the the the the the the th'
600;'1the the the the the the the t'
600;'‘ther the the the the the the '
600;'M  ind the the the the the the'
600;'0te the the the the the the th'
600;'/te the the the the the the th'
700;'_ e and the was the was the wa'
700;' the was the was the was the w'
700;'I  and the was the was the was'
700;':  and the was the was the was'
700;'Tht the was the was the was th'
0;'txxxxxxxxxxxxxxxxxxxxxxxxxxxxx'
0;'mxxxxxxxxxxxxxxxxxxxxxxxxxxxxx'
0;'7xxxxxxxxxxxxxxxxxxxxxxxxxxxxx'
0;':xxxxxxxxxxxxxxxxxxxxxxxxxxxxx'
0;'Cxxxxxxxxxxxxxxxxxxxxxxxxxxxxx'
100;'N                             '
100;']                             '
100;'P                             '
100;'“                             '
100;'?                             '
200;'l                             '
200;'w                             '
200;'I                             '
200;'q                             '
200;'t                             '
300;'R  th th th th th th th th th '
300;'U  th th th th th th th th th '
300;'   th th th th th th th th th '
300;'c  th th th th th th th th th '
300;'f  th th th th th th th th th '
400;'f  the the the the the the the'
400;'s  the the the the the the the'
400;'”  the the the the the the the'
400;'be the the the the the the the'
400;'/ e the the the the the the th'
500;'qhe the son the son the son th'
500;'Une the son the son the son th'
500;'[ e the son the son the son th'
500;'Ane the son the son the son th'
500;'une the son the son the son th'
600;'S e the was the was the was th'
600;'D e the was the was the was th'
600;':  and and and and and and and'
600;'@ e the was the was the was th'
600;'M e the was the was the was th'
700;'Pte the the the the the the th'
700;'Bte the the the the the the th'
700;'F e the the the the the the th'
700;'Ane the the the the the the th'
700;'The the the the the the the th'
800;'’  her the was the was the was'
800;'the the was the was the was th'
800;'3 e the was the was the was th'
800;'lee the was the was the was th'
800;'1te the was the was the was th'
900;'D e the sall the sall the sall'
900;' tane the sall the sall the sa'
900;'4 e the sall the sall the sall'
900;'0 e the sall the sall the sall'
900;'3 e the sall the sall the sall'
0;'ktt                           '
0;'ctt                           '
0;'9tt                           '
0;'ttt                           '
0;'Jtt                           '
0;'_wwwwwwwwwwwwwwwwwwwwwwwwwwwww'
0;'Swwwwwwwwwwwwwwwwwwwwwwwwwwwww'
0;'“wwwwwwwwwwwwwwwwwwwwwwwwwwwww'
0;'#wwwwwwwwwwwwwwwwwwwwwwwwwwwww'
0;'hwwwwwwwwwwwwwwwwwwwwwwwwwwwww'
0;'lwhZ8wI7/e3Y@tg#$_”E)tBJg*I [*'
0;'twYQX/W﻿8P5“?!fNH0 IOYe0jT@9uB'
0;'uw%)HY﻿lNkS9e%4%LkReHHrFA.2vC‘'
0;'4wuaNVa0GJIZ_0’0Vbj0ueHYaL$_4w'
0;'/wJJyF﻿)!%aty’zAN9/J8(THWjD/”a'
1000;'uted she searnt a brought the '
1000;'O in went to day so the good t'
1000;'waid to might of the troed and'
1000;'med him the ground down agay, '
1000;'_ d to the day to she was she '
2000;'Haw the took the seek to the m'
2000;'Mod she came to the bear me a '
2000;'Joe with the old, and she coul'
2000;'” y in the shall put her as th'
2000;'-tount to pick to the door mea'
3000;'quilled the wood, and the stam'
3000;'waing to a tree when he was to'
3000;'Zeit to the garden in the hunt'
3000;'Thir the wood she was so many '
3000;'3 .’ The ground, and had for t'
4000;' tit would brought the child o'
4000;'3  be a sice of the window, an'
4000;'g y, and the fead seen in the '
4000;'Doeld there was not to the doo'
4000;'7 t that they was so fast and '
5000;'Zein the woods and stood and s'
5000;' tored in the third hand of th'
5000;'] t he went on the table, and '
5000;'﻿ opse-from the little daughte'
5000;'Chird was all the sprang again'
6000;'0  was to get into the royal s'
6000;'﻿ ived the wood, and when the '
6000;'” e he was a little creature w'
6000;'#1E0 AND THE BIRT OF THE BIND '
6000;'ute there were three bread at '
0;'%a[eI1l$jt dI(WhxVxmEbw[%3_yI*'
0;'wab:oVeJ:jIlp*@3i?0 (o9S!orty)'
0;')a]3;!*(u8Rt‘B2’H5_i3#.4ku2t;u'
0;'6aWP’yc:3(JyVJ‘V--. ]9FMB﻿JM!h'
0;'ra-3/Sv%dH(gRI0*Bg7.S”eJj,$In '
0;'V 09@jkwGMEz ZJ(5“GPc‘etM5o[Pj'
0;'o 2qyjDDK UH3mXYgf:3ZfQ6@Sa;2﻿'
0;'w nw]k:?rv?a3“6ZB7mhtX!DSq)’2W'
0;'S #VDepeqS0K@h#3za4]gnLH“,V’c7'
0;'] UqhOBi,g4:*‘ZVTOBwf1Q%_K dx4'
1000;'9 .S.  ‘The found that then th'
1000;'!  When the garden the dinted '
1000;'UNwhen the finger to make him '
1000;'beleed into the first of the o'
1000;'Yone the care was howent and t'
2000;'Ha was said, ‘That were alone '
2000;'Ki to give, ‘I will be spring '
2000;'d  the merd and came to the an'
2000;'“Iould have nothing and could '
2000;'ve the fire, and that he was t'
3000;'0 -thinger in the window, and '
3000;'%  the wolf became to his brot'
3000;'Do Elsie to go out and down th'
3000;'Hale gone the spoed the pot th'
3000;'Chied to a wolf, and now that '
4000;'Caring, and when they were set'
4000;'_ self the first said: ‘What m'
4000;'8061263) trees of Life, and sa'
4000;'9  said, ‘I will this a stream'
4000;'wased a little way again and s'
5000;'. Hould not go to the third wa'
5000;'g tenger lay in the country an'
5000;'-trime and one of the handsome'
5000;'s led the window was a bottom '
5000;'g denting, and had not like a '
6000;'veied to me!’ said they were s'
6000;'Kethter they was long to the b'
6000;'beoce that the window and said'
6000;' tot in a while, and the beaut'
6000;'wateded him he said: ‘I will n'
7000;'juet heard the morning and let'
7000;'Lite the cloth she soon come b'
7000;'Ha to the bird began to see it'
7000;'l andain had no one for you aw'
7000;'inore the castle. Then he was '
8000;'E  TOLT FOR MARS AND THE SAVES'
8000;'S lied the bride to the wood, '
8000;'Ha such a man was spoke to the'
8000;'Maight off the father, and was'
8000;'inan the father was asked: ‘Sh'
9000;'ink the father was a wooden co'
9000;'leandely to the poor father, a'
9000;'XTINY THE COLS      THE FOX AN'
9000;'veat to carry the fine palace '
9000;'Anry the little poor courtyerd'
10000;')  the other thrown and saw th'
10000;'anrine upon the window, and sa'
10000;'Goounden door, and the tailor '
10000;'Zhee said to the ground, and t'
10000;'Quunty a ran and do for the ro'
0;'d,,,,,,,mm,mm,mm,mm,mm,mm,mm,m'
0;'w,,,,,,m,mm,mm,mm,mm,mm,mm,mm,'
0;'Q,,,,,,m,mm,mm,mm,mm,mm,mm,mm,'
0;'L,,,,,,m,mm,mm,mm,mm,mm,mm,mm,'
0;'8,,,,,,mm,mm,mm,mm,mm,mm,mm,mm'
1000;'ine the could the could the be'
1000;'hee was the will the bear and '
1000;'Haed the could the could the b'
1000;'kee was the will the bear and '
1000;'UNerred the bear and said: ‘I '
2000;'bee was a little way to the wo'
2000;'’ e the work and said: ‘I have'
2000;'kee the work and said: ‘I have'
2000;'3  was a little way to the wor'
2000;'” e was a little way to the wo'
3000;'bee stand of the world, and th'
3000;' tould not be the brother, and'
3000;'queed the brother, and the bro'
3000;'ane the brother, and the broth'
3000;'s e said: ‘I will be so should'
4000;';  the strange strange stand o'
4000;'vee said: ‘What was a little m'
4000;'Kie was so much that they were'
4000;'f e stand of the cook, and sai'
4000;'Rood to the world and said: ‘W'
5000;'o ed the strange and said, ‘I '
5000;'juedde the strange and said, ‘'
5000;'Juedded the strange and said, '
5000;'Queered the strange and said, '
5000;'s e was a little man was a lit'
6000;'Haess the brother, and the fir'
6000;'[Taster the strange of the cou'
6000;'Reoss the bear said, ‘I will n'
6000;'I  the way the brother, and th'
6000;':  said the fisherman was a li'
7000;'ane stone to the stream, and t'
7000;'kee to the work and the stream'
7000;'Haess to the stream, and the s'
7000;'o e starred and said: ‘I will '
7000;'“Toses to the work and the sea'
8000;'kee was a little man was a lit'
8000;'﻿ e was a little man was a lit'
8000;'ane and said: ‘I will not see '
8000;'Kiack and said: ‘I will not se'
8000;'zees the seasant was a little '
9000;' teast the bear said: ‘I will '
9000;'@nlase the bear said: ‘I will '
9000;'Zeessed the bear and the bear '
9000;'-toreght the bear and the bear'
9000;'_Iuck and said: ‘I will not no'
10000;'reed the forest to the forest '
10000;') e said: ‘I will not see the '
10000;'7  and said: ‘I will not see t'
10000;'d e was a little castle of the'
10000;'Gres that the second son was a'
